model,Accuracy,ROC_AUC,Logloss,Precision,Recall,f1
Random Forest baseline Holdout,0.7238593155893536,0.8190731006913476,0.49965447689008596,0.7397119341563786,0.6867239732569246,0.7122337790985637
Catboost baseline Holdout,0.7210076045627376,0.8239453355489712,0.4942955572341597,0.737603305785124,0.6819484240687679,0.7086848635235732
LightGBM baseline Holdout,0.7129277566539924,0.820036342968467,0.4972157148962329,0.72579001019368,0.6800382043935053,0.7021696252465484
